id,username,role,created_at
6,lennert,consultant,2025-11-08 11:12:40.00943+00
7,bart,consultant,2025-11-08 11:14:49.44016+00
8,bedrijftest,company,2025-11-08 11:20:56.55458+00
9,elegast,company,2025-11-08 11:39:34.984494+00
10,elegastconsults,consultant,2025-11-08 11:42:21.362933+00
11,test,consultant,2025-11-08 15:49:18.079313+00
12,annatest,consultant,2025-11-08 17:28:18.855908+00
13,bir,consultant,2025-11-08 17:38:25.102038+00
14,wouttest,consultant,2025-11-08 18:11:28.636665+00
15,woutbv,company,2025-11-11 14:23:24.136428+00
16,elegast bv,company,2025-11-11 14:24:03.262392+00
17,bedrijftest bv,company,2025-11-11 14:24:23.19925+00
18,wout bv,company,2025-11-11 14:32:08.93785+00
19,testviarender,consultant,2025-11-12 11:46:35.992091+00
20,macdalor,consultant,2025-11-13 16:17:35.278285+00
21,macdalores,company,2025-11-13 16:28:13.332034+00
22,gtggh,consultant,2025-11-14 10:37:46.83617+00
31,b,company,2025-11-22 12:10:16.805165+00
35,k,company,2025-11-22 12:14:11.676411+00
45,expertum,company,2025-11-22 12:42:54.018304+00
46,anna bv,company,2025-11-22 12:45:10.377781+00
48,kobevdb,consultant,2025-11-22 13:04:42.413157+00
49,birthedil,consultant,2025-11-22 13:10:26.355132+00
50,birthedilliennn,consultant,2025-11-22 15:48:23.203539+00
51,pwc,company,2025-11-22 15:49:47.861502+00
52,cindy,consultant,2025-11-22 15:50:31.435836+00
53,bdo,company,2025-11-22 15:53:03.6319+00
54,ey,company,2025-11-22 16:15:41.462373+00
55,nieuweconsultant,consultant,2025-11-22 16:19:55.698883+00
56,arthur,consultant,2025-11-22 18:17:21.503453+00
57,testerrr,consultant,2025-11-22 19:13:32.969366+00
58,birthe,consultant,2025-11-22 19:18:53.433991+00
59,coca cola,company,2025-11-23 11:11:11.430569+00
60,wout,consultant,2025-11-23 11:16:58.675514+00
61,birthed,consultant,2025-11-24 10:34:08.224536+00
62,pauline,consultant,2025-11-24 14:22:41.373457+00
63,hello,consultant,2025-11-24 14:40:30.806403+00
64,wendy,consultant,2025-11-24 20:02:38.351938+00
65,kim,consultant,2025-11-25 10:56:54.177897+00
66,brent,consultant,2025-11-25 11:29:57.847994+00
67,aiko,consultant,2025-11-25 11:30:35.05968+00
68,kelly,consultant,2025-11-25 20:19:38.988742+00
69,jera,consultant,2025-11-25 20:29:48.712593+00
70,wout.bv,consultant,2025-11-26 08:13:23.598081+00
71,kim kardashian,consultant,2025-11-26 08:31:03.944528+00
72,daikin,company,2025-11-26 08:32:51.263055+00
73,barco,company,2025-11-26 08:57:00.28156+00
74,bert,consultant,2025-11-26 16:12:11.474377+00
75,volvo,company,2025-11-26 16:31:32.995839+00
76,geert,consultant,2025-11-26 16:40:40.612395+00
77,birthe d,consultant,2025-11-28 08:40:57.170074+00
78,arthur peynsaert,consultant,2025-11-28 08:48:20.756727+00
79,cindy bv,company,2025-11-28 08:50:19.753556+00
80,admin1,admin,2025-11-30 13:58:57.333033+00
81,annemieke,consultant,2025-11-30 17:16:30.702212+00
82,carine,consultant,2025-11-30 18:57:51.678875+00
83,luc,consultant,2025-11-30 19:01:08.720164+00
84,login,consultant,2025-11-30 19:14:38.934924+00
85,f,consultant,2025-11-30 19:15:11.478737+00
86,j,consultant,2025-11-30 19:29:28.443574+00
87,g,consultant,2025-11-30 19:39:45.145873+00
88,h,consultant,2025-11-30 19:40:56.205545+00
89,l,consultant,2025-11-30 19:42:40.512814+00
90,tatjana,consultant,2025-11-30 19:47:22.900428+00
91,birtje,consultant,2025-12-01 11:07:50.026425+00
92,david,consultant,2025-12-01 17:07:08.151173+00
93,beheerder,admin,2025-12-01 17:10:07.526615+00
94,ddbs,company,2025-12-01 19:32:28.507768+00
95,a,consultant,2025-12-02 10:56:37.19648+00
96,prob,admin,2025-12-03 15:00:50.083735+00
97,anna,admin,2025-12-03 15:05:30.463611+00
98,spa,consultant,2025-12-03 19:16:06.134545+00
99,google bv,company,2025-12-05 16:30:18.518663+00
100,jpasha,consultant,2025-12-05 18:47:46.998918+00
101,ibm,company,2025-12-06 15:23:10.968766+00
102,michael parker,consultant,2025-12-06 15:27:17.80598+00
103,ibm company,company,2025-12-06 15:30:04.053176+00
104,mira vandale,consultant,2025-12-07 11:12:59.972309+00
105,jasperkooistra,consultant,2025-12-07 11:16:24.521074+00
106,lotte vermeer,consultant,2025-12-07 11:18:57.377754+00
107,jonas kahnwald,consultant,2025-12-07 11:21:18.897922+00
108,elisa horst,consultant,2025-12-07 11:23:31.751197+00
109,samir sedaghatnia,consultant,2025-12-07 11:25:25.012678+00
110,northwave analytics,company,2025-12-07 11:28:20.584841+00
111,brightline infrastructure,company,2025-12-07 11:34:48.621371+00
112,helix process solutions,company,2025-12-07 11:37:50.881552+00
113,kpmg,company,2025-12-07 12:40:29.316236+00
114,lien vermeerschot,consultant,2025-12-07 13:16:56.909164+00
115,kato delarnbroeck,consultant,2025-12-07 13:32:02.89774+00
116,kato deleanbroeck,consultant,2025-12-07 13:32:23.877179+00
117,kato delaenbroeck,consultant,2025-12-07 13:32:51.398102+00
118,senne de wintelaer,consultant,2025-12-07 13:35:47.181132+00
119,fien claerboutsen,consultant,2025-12-07 13:39:13.142794+00
120,brabantec solutions,company,2025-12-07 13:45:39.726691+00
121,flandrex consulting services,company,2025-12-07 13:55:27.81154+00
122,belvion strategy & advisory,company,2025-12-07 14:00:41.394412+00
123,arne van houtbeke,consultant,2025-12-07 14:06:26.27944+00
124,charles serveille,consultant,2025-12-07 14:48:59.321673+00
125,dhl,company,2025-12-07 14:59:59.455998+00
126,lisa michiels,consultant,2025-12-07 18:00:43.584606+00
127,ann libert,consultant,2025-12-07 18:06:44.640524+00
128,jan de boeck,consultant,2025-12-07 18:12:18.766607+00
129,alix leroy,consultant,2025-12-07 18:20:31.872352+00
130,datagenix consulting,company,2025-12-07 18:31:33.853188+00
131,pulse & co.,company,2025-12-07 18:41:08.462514+00
132,george123,consultant,2025-12-11 13:45:36.76767+00
133,fred1,consultant,2025-12-11 13:57:49.381742+00
134,sugar123,company,2025-12-11 14:03:49.903832+00
135,workforce insight group,company,2025-12-11 15:39:42.750307+00
136,pirelli,company,2025-12-11 15:42:55.594749+00
137,bestcompany,company,2025-12-11 16:04:38.241728+00
138,fanta,company,2025-12-11 16:16:32.546097+00
139,comp,company,2025-12-11 16:38:58.622598+00
140,nvidia,company,2025-12-12 12:39:25.450065+00
141,dell,company,2025-12-12 12:51:40.892467+00